{
  "avg_candidates_per_problem": 8.157303370786517,
  "baseline_first_pct": 39.325842696629216,
  "baseline_shortest_pct": 25.280898876404493,
  "has_any_correct": 120,
  "has_any_correct_pct": 67.41573033707866,
  "name": "nlverifier",
  "problems": 178,
  "selected_correct_given_any_pct": 92.5,
  "selected_correct_pct": 62.35955056179775,
  "topk_any_correct_given_any_pct": [
    92.5
  ],
  "topk_any_correct_pct": [
    62.35955056179775
  ]
}
