{
  "dataset": "FormalAlign minif2f misalignment test",
  "num_pairs": 3888,
  "num_positive": 243,
  "num_negative": 3645,
  "accuracy": 0.73559670781893,
  "pos_accuracy": 0.26337448559670784,
  "neg_accuracy": 0.7670781893004115,
  "threshold": 0.0,
  "per_type_accuracy": {
    "aligned": 0.26337448559670784,
    "constant": 0.7495120364346128,
    "variable_type": 0.7595108695652174,
    "variable_new": 0.8471264367816091,
    "equality": 0.6831275720164609,
    "exponent": 0.7027027027027027
  },
  "selection_top1_accuracy": 0.024691358024691357,
  "selection_problems": 243,
  "calibrated_threshold": 7.898229598999023,
  "calibrated_val_accuracy": 0.9523809523809523,
  "calibrated_val_balanced_accuracy": 0.5,
  "calibrated_test_accuracy": 0.9375,
  "calibrated_test_balanced_accuracy": 0.5
}
