{
  "avg_candidates_per_problem": 9.854545454545455,
  "baseline_first_pct": 23.636363636363637,
  "baseline_shortest_pct": 10.909090909090908,
  "has_any_correct": 29,
  "has_any_correct_pct": 52.72727272727273,
  "name": "critic_large",
  "problems": 55,
  "selected_correct_given_any_pct": 44.827586206896555,
  "selected_correct_pct": 23.636363636363637,
  "topk_any_correct_given_any_pct": [
    44.827586206896555
  ],
  "topk_any_correct_pct": [
    23.636363636363637
  ]
}
