{
  "best_by_mean_prefix_accuracy": "chosen_probability",
  "best_by_mean_prefix_risk": "chosen_probability",
  "best_by_oracle_normalized_accuracy_area": "chosen_probability",
  "confidence_keys": [
    "chosen_probability",
    "probability_margin",
    "score_margin"
  ],
  "coverage_comparison": [
    {
      "best_key": "chosen_probability",
      "by_key": {
        "chosen_probability": {
          "accepted": 14,
          "accuracy": 0.7142857142857143,
          "coverage": 0.2545454545454545,
          "risk": 0.2857142857142857,
          "threshold": 0.9327259654344926
        },
        "probability_margin": {
          "accepted": 14,
          "accuracy": 0.5,
          "coverage": 0.2545454545454545,
          "risk": 0.5,
          "threshold": 0.2121511480634007
        },
        "score_margin": {
          "accepted": 14,
          "accuracy": 0.5,
          "coverage": 0.2545454545454545,
          "risk": 0.5,
          "threshold": 2.727593809366226
        }
      },
      "target_coverage": 0.25
    },
    {
      "best_key": "chosen_probability",
      "by_key": {
        "chosen_probability": {
          "accepted": 28,
          "accuracy": 0.7142857142857143,
          "coverage": 0.509090909090909,
          "risk": 0.2857142857142857,
          "threshold": 0.7783226815293719
        },
        "probability_margin": {
          "accepted": 28,
          "accuracy": 0.42857142857142855,
          "coverage": 0.509090909090909,
          "risk": 0.5714285714285714,
          "threshold": 0.04557341974808474
        },
        "score_margin": {
          "accepted": 28,
          "accuracy": 0.39285714285714285,
          "coverage": 0.509090909090909,
          "risk": 0.6071428571428572,
          "threshold": 1.0495997667312622
        }
      },
      "target_coverage": 0.5
    },
    {
      "best_key": "chosen_probability",
      "by_key": {
        "chosen_probability": {
          "accepted": 42,
          "accuracy": 0.5952380952380952,
          "coverage": 0.7636363636363637,
          "risk": 0.40476190476190477,
          "threshold": 0.34237218437561673
        },
        "probability_margin": {
          "accepted": 42,
          "accuracy": 0.47619047619047616,
          "coverage": 0.7636363636363637,
          "risk": 0.5238095238095238,
          "threshold": 0.007292787567394821
        },
        "score_margin": {
          "accepted": 42,
          "accuracy": 0.4523809523809524,
          "coverage": 0.7636363636363637,
          "risk": 0.5476190476190477,
          "threshold": 0.20832061767578125
        }
      },
      "target_coverage": 0.75
    },
    {
      "best_key": "chosen_probability",
      "by_key": {
        "chosen_probability": {
          "accepted": 55,
          "accuracy": 0.4909090909090909,
          "coverage": 1.0,
          "risk": 0.509090909090909,
          "threshold": 0.07014415616326267
        },
        "probability_margin": {
          "accepted": 55,
          "accuracy": 0.4909090909090909,
          "coverage": 1.0,
          "risk": 0.509090909090909,
          "threshold": 0.0
        },
        "score_margin": {
          "accepted": 55,
          "accuracy": 0.4909090909090909,
          "coverage": 1.0,
          "risk": 0.509090909090909,
          "threshold": 0.0
        }
      },
      "target_coverage": 1.0
    }
  ],
  "coverage_targets": [
    0.25,
    0.5,
    0.75,
    1.0
  ],
  "dataset": {
    "has_any_correct": 29,
    "has_any_correct_rate": 0.5272727272727272,
    "problems": 55,
    "selected_accuracy": 0.4909090909090909,
    "selected_correct": 27
  },
  "signals": {
    "chosen_probability": {
      "best_accuracy_prefix": {
        "accepted": 19,
        "accuracy": 0.7894736842105263,
        "coverage": 0.34545454545454546,
        "risk": 0.21052631578947367,
        "selected_correct": 15,
        "threshold": 0.9142266561302389
      },
      "coverage_table": [
        {
          "accepted": 14,
          "accuracy": 0.7142857142857143,
          "coverage": 0.2545454545454545,
          "risk": 0.2857142857142857,
          "selected_correct": 10,
          "threshold": 0.9327259654344926
        },
        {
          "accepted": 28,
          "accuracy": 0.7142857142857143,
          "coverage": 0.509090909090909,
          "risk": 0.2857142857142857,
          "selected_correct": 20,
          "threshold": 0.7783226815293719
        },
        {
          "accepted": 42,
          "accuracy": 0.5952380952380952,
          "coverage": 0.7636363636363637,
          "risk": 0.40476190476190477,
          "selected_correct": 25,
          "threshold": 0.34237218437561673
        },
        {
          "accepted": 55,
          "accuracy": 0.4909090909090909,
          "coverage": 1.0,
          "risk": 0.509090909090909,
          "selected_correct": 27,
          "threshold": 0.07014415616326267
        }
      ],
      "dataset": {
        "has_any_correct": 29,
        "has_any_correct_rate": 0.5272727272727272,
        "problems": 55,
        "selected_accuracy": 0.4909090909090909,
        "selected_correct": 27
      },
      "mean_prefix_accuracy": 0.6424711798280951,
      "mean_prefix_risk": 0.35752882017190507,
      "ranking_metrics": {
        "accuracy_lift_over_full": 0.1515620889190042,
        "area_under_accuracy_coverage": 0.6424711798280951,
        "area_under_risk_coverage": 0.35752882017190507,
        "average_precision": 0.6984272686574883,
        "full_coverage_accuracy": 0.4909090909090909,
        "oracle_area_under_accuracy_coverage": 0.8356035888036027,
        "oracle_normalized_accuracy_area": 0.7176317952303987,
        "risk_reduction_over_full": 0.15156208891900397,
        "worst_area_under_accuracy_coverage": 0.15162994831141544
      }
    },
    "probability_margin": {
      "best_accuracy_prefix": {
        "accepted": 2,
        "accuracy": 1.0,
        "coverage": 0.03636363636363636,
        "risk": 0.0,
        "selected_correct": 2,
        "threshold": 0.6543032028872416
      },
      "coverage_table": [
        {
          "accepted": 14,
          "accuracy": 0.5,
          "coverage": 0.2545454545454545,
          "risk": 0.5,
          "selected_correct": 7,
          "threshold": 0.2121511480634007
        },
        {
          "accepted": 28,
          "accuracy": 0.42857142857142855,
          "coverage": 0.509090909090909,
          "risk": 0.5714285714285714,
          "selected_correct": 12,
          "threshold": 0.04557341974808474
        },
        {
          "accepted": 42,
          "accuracy": 0.47619047619047616,
          "coverage": 0.7636363636363637,
          "risk": 0.5238095238095238,
          "selected_correct": 20,
          "threshold": 0.007292787567394821
        },
        {
          "accepted": 55,
          "accuracy": 0.4909090909090909,
          "coverage": 1.0,
          "risk": 0.509090909090909,
          "selected_correct": 27,
          "threshold": 0.0
        }
      ],
      "dataset": {
        "has_any_correct": 29,
        "has_any_correct_rate": 0.5272727272727272,
        "problems": 55,
        "selected_accuracy": 0.4909090909090909,
        "selected_correct": 27
      },
      "mean_prefix_accuracy": 0.5158005113498221,
      "mean_prefix_risk": 0.48419948865017787,
      "ranking_metrics": {
        "accuracy_lift_over_full": 0.02489142044073117,
        "area_under_accuracy_coverage": 0.5158005113498221,
        "area_under_risk_coverage": 0.48419948865017787,
        "average_precision": 0.5561711060173392,
        "full_coverage_accuracy": 0.4909090909090909,
        "oracle_area_under_accuracy_coverage": 0.8356035888036027,
        "oracle_normalized_accuracy_area": 0.5324336224073629,
        "risk_reduction_over_full": 0.02489142044073117,
        "worst_area_under_accuracy_coverage": 0.15162994831141544
      }
    },
    "score_margin": {
      "best_accuracy_prefix": {
        "accepted": 2,